target,range,train_count,validation_count,test_count,train_percentage,validation_percentage,test_percentage
SBP,<90,3485,800,696,1.8990066315382226,2.027318111553179,1.8143426917963557
SBP,90-119,65847,13981,12679,35.88059961747413,35.429918147031245,33.051797398399415
SBP,120-139,57927,13112,12759,31.56492314063547,33.2277438483566,33.2603425353875
SBP,140-159,38009,7973,8512,20.7114327283031,20.204759129266872,22.18920257553244
SBP,>=160,18249,3595,3715,9.944037882049075,9.110260763792098,9.684314798884284
DBP,<60,57699,12570,11647,31.440683969332543,31.854235827779327,30.361565131253094
DBP,60-79,104252,22638,21716,56.807816169619166,57.36803426167609,56.60957743541618
DBP,80-89,15076,2851,3216,8.215042748083285,7.224854920047642,8.383514506921092
DBP,90-99,4249,963,1150,2.315316837132255,2.4403841767821395,2.9978363442037486
DBP,>=100,2241,439,632,1.2211402758327565,1.112490813714807,1.647506582205886
