target,range,sample_count,MAE,RMSE,bias,error_std
SBP,<90,696,30.898716532145766,34.01467205036945,30.89437087559531,14.241740808596079
SBP,90-119,12679,15.371829891064907,18.32686185678696,14.881342298888136,10.69712774280044
SBP,120-139,12759,6.748692128965241,8.5927740401396,0.09644960999159626,8.592569456082908
SBP,140-159,8512,14.313633334881752,16.73754064735003,-13.58978190695411,9.771095694958634
SBP,>=160,3715,29.607556164894568,32.65546286758666,-29.42051351743002,14.172745272797536
DBP,<60,11647,7.909554786828213,8.976420615497167,7.850441233831623,4.352967537807186
DBP,60-79,21716,4.386349784384204,5.59242113592627,-1.1465073218652855,5.473762403131218
DBP,80-89,3216,11.437782989805566,12.850607436754405,-11.109745296547365,6.459461666468378
DBP,90-99,1150,21.079530934849064,22.943305530745175,-20.926092309182177,9.411213925949102
DBP,>=100,632,34.92639176852887,36.37552736997541,-34.92639176852887,10.172998541028013
