branch,model,target,n_features,split,mae,rmse,r2,bias,error_sd,pearson_r,spearman_r,mape,pct_le_5,pct_le_10,pct_le_15,sample_count,delta_MAE_vs_dummy,percentage_MAE_improvement_vs_dummy,delta_RMSE_vs_dummy,delta_R2_vs_dummy,dummy_mae,dummy_rmse,dummy_r2
Branch_A_Amplitude_Preserving,dummy,SBP,14,validation,17.619352712918,21.69709085911257,-0.0003217620995425996,0.3891339232933629,21.6936010505017,0.0,0.0,14.141109920271647,17.16124781429766,33.43554395479081,48.95212995109095,39461,0.0,0.0,0.0,0.0,17.619352712918,21.69709085911257,-0.0003217620995425996
Branch_A_Amplitude_Preserving,dummy,DBP,14,validation,8.453226220063168,10.926589567269202,-7.070017450327981e-05,0.09187122794135846,10.9262033318547,0.0,0.0,12.528514269917357,34.289551709282584,66.74438052760954,90.05600466283165,39461,0.0,0.0,0.0,0.0,8.453226220063168,10.926589567269202,-7.070017450327981e-05
Branch_A_Amplitude_Preserving,linear,SBP,14,validation,16.99889080627957,21.053201231772764,0.05816899152253885,0.543254029541559,21.046191036976385,0.24338750554421917,0.24966157885562548,13.651791620287575,17.647804161070425,34.75330072730037,51.62312156306227,39461,0.6204619066384325,3.5214795725629178,0.6438896273398065,0.05849075362208145,17.619352712918,21.69709085911257,-0.0003217620995425996
Branch_A_Amplitude_Preserving,linear,DBP,14,validation,8.233366301765843,10.729926556040397,0.035605017725883537,0.10684023534524484,10.729394627010992,0.19035430077621784,0.20370596146417977,12.194189720750712,36.03051113757888,68.82238159195154,89.4173994576924,39461,0.21985991829732576,2.600899497395372,0.19666301122880547,0.035675717900386816,8.453226220063168,10.926589567269202,-7.070017450327981e-05
Branch_A_Amplitude_Preserving,ridge,SBP,14,validation,17.000588670483385,21.054281767610377,0.05807231185257111,0.5429172109144299,21.04728062368209,0.2432097584840635,0.24939620416925135,13.653202549839941,17.632599275233776,34.7304933985454,51.60284838194673,39461,0.6187640424346164,3.5118432128658053,0.642809091502194,0.05839407395211371,17.619352712918,21.69709085911257,-0.0003217620995425996
Branch_A_Amplitude_Preserving,ridge,DBP,14,validation,8.233506055674319,10.730035264340966,0.035585476441956865,0.10679747812596006,10.729503766375528,0.1903029839450902,0.2036289084438366,12.194419082527192,36.02797698993944,68.82491573959099,89.41486531005296,39461,0.21972016438884978,2.5992462362046593,0.19655430292823617,0.035656176616460145,8.453226220063168,10.926589567269202,-7.070017450327981e-05
Branch_A_Amplitude_Preserving,random_forest,SBP,14,validation,15.82182780549024,20.030164958873822,0.1474776888424305,0.5616622401028839,20.02228867556702,0.38663892616128226,0.3785296540861257,12.67372628227133,20.597552013380298,39.21846886799625,55.74111147715466,39461,1.7975249074277606,10.20199173382713,1.6669259002387484,0.1477994509419731,17.619352712918,21.69709085911257,-0.0003217620995425996
Branch_A_Amplitude_Preserving,random_forest,DBP,14,validation,7.850275229820067,10.37841427119367,0.09775715232196591,0.18081350556572287,10.376839078482496,0.3133332063834051,0.3269260607854748,11.6213097666703,38.59506854869365,71.75439041078533,90.35756823192519,39461,0.6029509902431016,7.132791368350107,0.5481752960755326,0.09782785249646919,8.453226220063168,10.926589567269202,-7.070017450327981e-05
Branch_A_Amplitude_Preserving,hist_gradient_boosting,SBP,14,validation,15.702023929691952,19.910769459776578,0.15761080166249308,0.5363561199457052,19.903543970684428,0.39977407101172424,0.3931724557673332,12.581049015840723,20.914320468310486,39.7227642482451,55.98945794581992,39461,1.9173287832260488,10.881947903293288,1.7863213993359928,0.15793256376203568,17.619352712918,21.69709085911257,-0.0003217620995425996
Branch_A_Amplitude_Preserving,hist_gradient_boosting,DBP,14,validation,7.8852593720336035,10.41212967791272,0.09188556264101755,0.16162715966815527,10.41087513569001,0.30350647688622756,0.318078987644866,11.672339922249217,38.46329287144269,71.5998074047794,90.2536681787081,39461,0.567966848029565,6.7189358616044625,0.5144598893564822,0.09195626281552083,8.453226220063168,10.926589567269202,-7.070017450327981e-05
Branch_B_Normalized_Morphology,dummy,SBP,26,validation,17.619352712918,21.69709085911257,-0.0003217620995425996,0.3891339232933629,21.6936010505017,0.0,0.0,14.141109920271647,17.16124781429766,33.43554395479081,48.95212995109095,39461,0.0,0.0,0.0,0.0,17.619352712918,21.69709085911257,-0.0003217620995425996
Branch_B_Normalized_Morphology,dummy,DBP,26,validation,8.453226220063168,10.926589567269202,-7.070017450327981e-05,0.09187122794135846,10.9262033318547,0.0,0.0,12.528514269917357,34.289551709282584,66.74438052760954,90.05600466283165,39461,0.0,0.0,0.0,0.0,8.453226220063168,10.926589567269202,-7.070017450327981e-05
Branch_B_Normalized_Morphology,linear,SBP,26,validation,16.192131263012126,20.365895095156954,0.11865954281765378,0.7688024606860332,20.35137896564705,0.34634991553085864,0.3593182252197056,13.012695448294737,19.55348318593041,37.78920959935126,54.091381363878256,39461,1.4272214499058755,8.100305800555741,1.3311957639556162,0.11898130491719638,17.619352712918,21.69709085911257,-0.0003217620995425996
Branch_B_Normalized_Morphology,linear,DBP,26,validation,7.846606655023625,10.409055093408762,0.09242179536750283,0.1338934795063015,10.408193910269187,0.304344887260511,0.3429459295788076,11.607265447189548,38.95491751349434,71.42748536529739,90.11175591089938,39461,0.6066195650395434,7.176189885088021,0.5175344738604402,0.09249249554200611,8.453226220063168,10.926589567269202,-7.070017450327981e-05
Branch_B_Normalized_Morphology,ridge,SBP,26,validation,16.19194401924883,20.365790565450954,0.11866858990564322,0.7683252524129066,20.351292383097338,0.34635986964203447,0.3593491130271761,13.012612013163691,19.54841489065153,37.743594941841316,54.096449659157145,39461,1.4274086936691717,8.101368517026298,1.3313002936616165,0.11899035200518582,17.619352712918,21.69709085911257,-0.0003217620995425996
Branch_B_Normalized_Morphology,ridge,DBP,26,validation,7.846562159655904,10.409056957355178,0.09242147032795256,0.13392585466803783,10.40819535783777,0.3043444111269961,0.3429533837663047,11.607203575478517,38.9346443323788,71.44775854641291,90.10922176325992,39461,0.6066640604072644,7.176716256517785,0.5175326099140243,0.09249217050245584,8.453226220063168,10.926589567269202,-7.070017450327981e-05
Branch_B_Normalized_Morphology,random_forest,SBP,26,validation,14.267792117418589,18.5519863278324,0.2686630219830226,0.5851560328817901,18.542755704729064,0.5198363479997972,0.5144770466119313,11.415592751920862,24.844783457084212,45.13316945845265,61.901624388636876,39461,3.3515605954994125,19.022041558041597,3.1451045312801718,0.2689847840825652,17.619352712918,21.69709085911257,-0.0003217620995425996
Branch_B_Normalized_Morphology,random_forest,DBP,26,validation,7.1807211257104315,9.708286375367635,0.21051005932028954,0.02058864761214651,9.708264543868712,0.4602510496830695,0.46410621685672343,10.598274616418891,43.995337168343426,76.90884670940929,91.46245660272167,39461,1.272505094352737,15.05348444576103,1.2183031919015672,0.21058075949479282,8.453226220063168,10.926589567269202,-7.070017450327981e-05
Branch_B_Normalized_Morphology,hist_gradient_boosting,SBP,26,validation,14.393639273490237,18.61173087193224,0.26394506366372517,0.593137561889313,18.602277115501522,0.5145810248616387,0.5111066882947816,11.542420866371762,23.443399812473075,44.41093738121183,61.681153544005475,39461,3.2257134394277642,18.307786283656643,3.085359987180329,0.26426682576326777,17.619352712918,21.69709085911257,-0.0003217620995425996
Branch_B_Normalized_Morphology,hist_gradient_boosting,DBP,26,validation,7.101083745095434,9.59482189225092,0.2288563651588017,-0.0027758479564062495,9.59482149071496,0.4802283246810959,0.4838978093417062,10.470476705700097,44.11951040267606,77.64628367248676,91.63984693748259,39461,1.3521424749677342,15.995578961303064,1.3317676750182823,0.22892706533330498,8.453226220063168,10.926589567269202,-7.070017450327981e-05
Branch_C_Combined,dummy,SBP,40,validation,17.619352712918,21.69709085911257,-0.0003217620995425996,0.3891339232933629,21.6936010505017,0.0,0.0,14.141109920271647,17.16124781429766,33.43554395479081,48.95212995109095,39461,0.0,0.0,0.0,0.0,17.619352712918,21.69709085911257,-0.0003217620995425996
Branch_C_Combined,dummy,DBP,40,validation,8.453226220063168,10.926589567269202,-7.070017450327981e-05,0.09187122794135846,10.9262033318547,0.0,0.0,12.528514269917357,34.289551709282584,66.74438052760954,90.05600466283165,39461,0.0,0.0,0.0,0.0,8.453226220063168,10.926589567269202,-7.070017450327981e-05
Branch_C_Combined,linear,SBP,40,validation,16.14646992116828,20.32576330493056,0.12212955200948372,0.7293935408231167,20.312671882119968,0.351733377690545,0.35737630802907433,12.961119669387925,19.690327158460253,37.64729733154253,54.23329363168698,39461,1.472882791749722,8.35946028020798,1.3713275541820096,0.12245131410902632,17.619352712918,21.69709085911257,-0.0003217620995425996
Branch_C_Combined,linear,DBP,40,validation,7.8227815830334535,10.392884315893475,0.0952395045833565,0.10544639470062458,10.392349371599728,0.3092185482228857,0.34871232217292625,11.566992855081644,39.286890854261166,71.48070246572566,90.12442664909658,39461,0.630444637029715,7.458035790628864,0.5337052513757268,0.09531020475785978,8.453226220063168,10.926589567269202,-7.070017450327981e-05
Branch_C_Combined,ridge,SBP,40,validation,16.145421365493878,20.32545715565351,0.12215599700689106,0.7283538441110462,20.312402843191034,0.35175495627122866,0.35742241844358136,12.960551830476494,19.715668634854666,37.65489977446086,54.19274726945592,39461,1.4739313474241236,8.365411439092343,1.3716337034590609,0.12247775910643366,17.619352712918,21.69709085911257,-0.0003217620995425996
Branch_C_Combined,ridge,DBP,40,validation,7.8228415162177765,10.392801070799838,0.09525399845593996,0.10524400566282087,10.3922681738151,0.3092390343718553,0.3487388386094988,11.567015695742034,39.2767542637034,71.49590735156231,90.12949494437545,39461,0.630384703845392,7.45732679287161,0.5337884964693647,0.09532469863044324,8.453226220063168,10.926589567269202,-7.070017450327981e-05
Branch_C_Combined,random_forest,SBP,40,validation,14.180716148061439,18.465735411577647,0.27544740105182586,0.6232641030029338,18.455214064006427,0.5267433609696327,0.5338088604824753,11.346549637962191,24.88279567167583,45.47781353741669,62.26400750107701,39461,3.438636564856562,19.51624796148323,3.2313554475349235,0.27576916315136846,17.619352712918,21.69709085911257,-0.0003217620995425996
Branch_C_Combined,random_forest,DBP,40,validation,7.127128142533448,9.662127214868494,0.21799965268141885,0.10672116814648995,9.661537812821095,0.46853881287591714,0.4738784333421621,10.530985798450953,44.008007906540634,77.06089556777577,91.64491523276146,39461,1.3260980775297204,15.68747887316017,1.2644623524007077,0.21807035285592213,8.453226220063168,10.926589567269202,-7.070017450327981e-05
Branch_C_Combined,hist_gradient_boosting,SBP,40,validation,14.016184865818122,18.24295919966501,0.2928243873069545,0.6274978042940611,18.232164075233865,0.5421938294526681,0.5482393426686193,11.220084925730502,24.68766630343884,45.667874610374795,63.05719571222219,39461,3.603167847099879,20.45005798796252,3.4541316594475617,0.2931461494064971,17.619352712918,21.69709085911257,-0.0003217620995425996
Branch_C_Combined,hist_gradient_boosting,DBP,40,validation,6.9824155954564615,9.514919720938495,0.24164649165130758,0.06525039066930713,9.51469598476072,0.4933458363525764,0.5027063641519706,10.296599322157258,45.43980132282507,78.14804490509617,91.70573477610806,39461,1.470810624606707,17.399399781137312,1.4116698463307067,0.24171719182581086,8.453226220063168,10.926589567269202,-7.070017450327981e-05
