ablation,feature_count,target,MAE,RMSE,R2,bias,error_sd
Ablation_0_Dummy,0,SBP,17.619352712918,21.69709085911257,0.0,0.3891339232933629,21.6936010505017
Ablation_0_Dummy,0,DBP,8.453226220063168,10.926589567269202,0.0,0.09187122794135846,10.9262033318547
Ablation_1_Basic,11,SBP,15.946879507003633,20.155456615067738,0.13677902499905759,0.5636611358760831,20.147573488779752
Ablation_1_Basic,11,DBP,8.044298072199714,10.545412165848283,0.0684877706175594,0.18091994802354291,10.54386009581065
Ablation_2_Basic_Timing,17,SBP,15.343295940912347,19.559281941038687,0.18708990717886687,0.5909401458290943,19.55035293269893
Ablation_2_Basic_Timing,17,DBP,7.723616624715116,10.24920375548553,0.12008302193290632,0.11822960408009826,10.248521814494897
Ablation_3_Basic_Timing_Morph,24,SBP,14.598923795452464,18.92874654213099,0.2386569040982084,0.6228871990629705,18.9184951091116
Ablation_3_Basic_Timing_Morph,24,DBP,7.345470502780938,9.904594238279442,0.17825925699587752,0.10385402309139713,9.904049745778039
Ablation_4_Plus_VPG,29,SBP,14.396365792216544,18.70265721502496,0.2567356034304026,0.7439636628600603,18.68785447746929
Ablation_4_Plus_VPG,29,DBP,7.142887009289006,9.68358789041707,0.21452197266302664,0.08142078964610683,9.683245586395374
Ablation_5_Plus_APG,33,SBP,14.17930743416579,18.42008615523149,0.2790253148235017,0.7011439218573914,18.40673711354061
Ablation_5_Plus_APG,33,DBP,7.019650237828555,9.54446189921168,0.23693006848487652,0.09178459081168344,9.544020564436822
Ablation_6_All_Features,36,SBP,14.0784801284979,18.295633261075142,0.2887347450375436,0.6558445440961098,18.283874435079085
Ablation_6_All_Features,36,DBP,7.024132853258689,9.553481583861618,0.23548715796070974,0.07641153959210585,9.553175998054272
