branch,model,target,dummy_mae,model_mae,mae_improvement,percentage_MAE_improvement_vs_dummy,dummy_rmse,model_rmse,rmse_improvement,r2
Branch_A_Amplitude_Preserving,dummy,SBP,17.619352712918,17.619352712918,0.0,0.0,21.69709085911257,21.69709085911257,0.0,-0.0003217620995425996
Branch_A_Amplitude_Preserving,dummy,DBP,8.453226220063168,8.453226220063168,0.0,0.0,10.926589567269202,10.926589567269202,0.0,-7.070017450327981e-05
Branch_A_Amplitude_Preserving,linear,SBP,17.619352712918,16.99889080627957,0.6204619066384325,3.5214795725629178,21.69709085911257,21.053201231772764,0.6438896273398065,0.05816899152253885
Branch_A_Amplitude_Preserving,linear,DBP,8.453226220063168,8.233366301765843,0.21985991829732576,2.600899497395372,10.926589567269202,10.729926556040397,0.19666301122880547,0.035605017725883537
Branch_A_Amplitude_Preserving,ridge,SBP,17.619352712918,17.000588670483385,0.6187640424346164,3.5118432128658053,21.69709085911257,21.054281767610377,0.642809091502194,0.05807231185257111
Branch_A_Amplitude_Preserving,ridge,DBP,8.453226220063168,8.233506055674319,0.21972016438884978,2.5992462362046593,10.926589567269202,10.730035264340966,0.19655430292823617,0.035585476441956865
Branch_A_Amplitude_Preserving,random_forest,SBP,17.619352712918,15.82182780549024,1.7975249074277606,10.20199173382713,21.69709085911257,20.030164958873822,1.6669259002387484,0.1474776888424305
Branch_A_Amplitude_Preserving,random_forest,DBP,8.453226220063168,7.850275229820067,0.6029509902431016,7.132791368350107,10.926589567269202,10.37841427119367,0.5481752960755326,0.09775715232196591
Branch_A_Amplitude_Preserving,hist_gradient_boosting,SBP,17.619352712918,15.702023929691952,1.9173287832260488,10.881947903293288,21.69709085911257,19.910769459776578,1.7863213993359928,0.15761080166249308
Branch_A_Amplitude_Preserving,hist_gradient_boosting,DBP,8.453226220063168,7.8852593720336035,0.567966848029565,6.7189358616044625,10.926589567269202,10.41212967791272,0.5144598893564822,0.09188556264101755
Branch_B_Normalized_Morphology,dummy,SBP,17.619352712918,17.619352712918,0.0,0.0,21.69709085911257,21.69709085911257,0.0,-0.0003217620995425996
Branch_B_Normalized_Morphology,dummy,DBP,8.453226220063168,8.453226220063168,0.0,0.0,10.926589567269202,10.926589567269202,0.0,-7.070017450327981e-05
Branch_B_Normalized_Morphology,linear,SBP,17.619352712918,16.192131263012126,1.4272214499058755,8.100305800555741,21.69709085911257,20.365895095156954,1.3311957639556162,0.11865954281765378
Branch_B_Normalized_Morphology,linear,DBP,8.453226220063168,7.846606655023625,0.6066195650395434,7.176189885088021,10.926589567269202,10.409055093408762,0.5175344738604402,0.09242179536750283
Branch_B_Normalized_Morphology,ridge,SBP,17.619352712918,16.19194401924883,1.4274086936691717,8.101368517026298,21.69709085911257,20.365790565450954,1.3313002936616165,0.11866858990564322
Branch_B_Normalized_Morphology,ridge,DBP,8.453226220063168,7.846562159655904,0.6066640604072644,7.176716256517785,10.926589567269202,10.409056957355178,0.5175326099140243,0.09242147032795256
Branch_B_Normalized_Morphology,random_forest,SBP,17.619352712918,14.267792117418589,3.3515605954994125,19.022041558041597,21.69709085911257,18.5519863278324,3.1451045312801718,0.2686630219830226
Branch_B_Normalized_Morphology,random_forest,DBP,8.453226220063168,7.1807211257104315,1.272505094352737,15.05348444576103,10.926589567269202,9.708286375367635,1.2183031919015672,0.21051005932028954
Branch_B_Normalized_Morphology,hist_gradient_boosting,SBP,17.619352712918,14.393639273490237,3.2257134394277642,18.307786283656643,21.69709085911257,18.61173087193224,3.085359987180329,0.26394506366372517
Branch_B_Normalized_Morphology,hist_gradient_boosting,DBP,8.453226220063168,7.101083745095434,1.3521424749677342,15.995578961303064,10.926589567269202,9.59482189225092,1.3317676750182823,0.2288563651588017
Branch_C_Combined,dummy,SBP,17.619352712918,17.619352712918,0.0,0.0,21.69709085911257,21.69709085911257,0.0,-0.0003217620995425996
Branch_C_Combined,dummy,DBP,8.453226220063168,8.453226220063168,0.0,0.0,10.926589567269202,10.926589567269202,0.0,-7.070017450327981e-05
Branch_C_Combined,linear,SBP,17.619352712918,16.14646992116828,1.472882791749722,8.35946028020798,21.69709085911257,20.32576330493056,1.3713275541820096,0.12212955200948372
Branch_C_Combined,linear,DBP,8.453226220063168,7.8227815830334535,0.630444637029715,7.458035790628864,10.926589567269202,10.392884315893475,0.5337052513757268,0.0952395045833565
Branch_C_Combined,ridge,SBP,17.619352712918,16.145421365493878,1.4739313474241236,8.365411439092343,21.69709085911257,20.32545715565351,1.3716337034590609,0.12215599700689106
Branch_C_Combined,ridge,DBP,8.453226220063168,7.8228415162177765,0.630384703845392,7.45732679287161,10.926589567269202,10.392801070799838,0.5337884964693647,0.09525399845593996
Branch_C_Combined,random_forest,SBP,17.619352712918,14.180716148061439,3.438636564856562,19.51624796148323,21.69709085911257,18.465735411577647,3.2313554475349235,0.27544740105182586
Branch_C_Combined,random_forest,DBP,8.453226220063168,7.127128142533448,1.3260980775297204,15.68747887316017,10.926589567269202,9.662127214868494,1.2644623524007077,0.21799965268141885
Branch_C_Combined,hist_gradient_boosting,SBP,17.619352712918,14.016184865818122,3.603167847099879,20.45005798796252,21.69709085911257,18.24295919966501,3.4541316594475617,0.2928243873069545
Branch_C_Combined,hist_gradient_boosting,DBP,8.453226220063168,6.9824155954564615,1.470810624606707,17.399399781137312,10.926589567269202,9.514919720938495,1.4116698463307067,0.24164649165130758
