feature,importance,raw_score
spectral_entropy_hist_min,0.11590753981940768,0.8851968071804303
apg_max_hist_min,0.07570487592092327,0.5781652734378119
max_downstroke_slope_median_hist_min,0.05661771052311467,0.43239479211632076
vpg_std_hist_min,0.038342710901671205,0.29282689738462153
vpg_min_hist_max,0.03710285307038813,0.28335798625667036
pulse_band_power_hist_max,0.0366639040325668,0.28000569107898166
iqr_a,0.03576661990166938,0.2731530475922715
pulse_amp_median_a_hist_max,0.029453313250638543,0.2249377295987157
pulse_area_median_hist_mean,0.02884747487586118,0.2203108848235106
max_downstroke_slope_median_hist_mean,0.027246735534022293,0.20808588758233348
apg_b_to_a_ratio_hist_min,0.024952716805512608,0.19056625031582955
skew_b,0.02410319320772076,0.18407835852241008
vpg_std_hist_mean,0.021376320423089925,0.16325297402798178
spectral_entropy_hist_mean,0.017832412992633644,0.13618781892874784
apg_min_hist_max,0.01637668830603901,0.12507031227892126
max_upstroke_slope_median_hist_min,0.014690690381690479,0.11219418720654477
apg_b_to_a_ratio_hist_mean,0.012984463638973967,0.09916357274150005
pulse_area_median_hist_max,0.01258311742774841,0.09609845389500944
max_upstroke_slope_median_hist_mean,0.012411875675800257,0.09479066449393454
ibi_mean_hist_min,0.011863638720181025,0.09060372718641692
rise_time_median_hist_min,0.011732358894068375,0.0896011307798054
vpg_max_hist_min,0.011308222776324527,0.08636196326903149
apg_min_hist_mean,0.011168099368798926,0.085291827597563
vpg_std_hist_max,0.010970149032297278,0.08378006221867078
apg_b_to_a_ratio_hist_max,0.010095832088585431,0.07710282130541064
decay_time_median_hist_min,0.009924232269835204,0.0757922973144165
max_downstroke_slope_median_hist_max,0.009415120267600904,0.07190416096386325
kurt_b,0.009009358474321473,0.06880531990100931
ibi_median_hist_std,0.008933782913400658,0.0682281422184167
rise_time_median_hist_mean,0.008851784707761655,0.06760191419270534
pulse_area_median_hist_min,0.008489516921703447,0.06483524096279562
decay_time_median_hist_mean,0.00828807052462087,0.06329677583970413
vpg_max_upstroke_hist_max,0.008177619842733101,0.06245325357091739
pulse_amp_cv_a_hist_std,0.00815490004425031,0.062279740328309664
pulse_width_median_hist_mean,0.007911143313848472,0.06041814720143771
ibi_median_hist_min,0.007796077645108905,0.059539379843049765
ibi_median_hist_max,0.007742434139148235,0.05912969933152882
p10_a,0.007479287945111897,0.05712002704320677
apg_b_to_a_ratio_hist_std,0.007411333716396405,0.05660105419306186
median_a,0.006959683916838578,0.053151762100802934
std_a,0.006700684633839439,0.051173760162964634
p90_a,0.006690020511717768,0.05109231725710887
pulse_amp_median_a_hist_mean,0.006521160110567193,0.049802714456543974
ibi_cv_hist_min,0.006507222399313017,0.04969627084191094
vpg_max_hist_std,0.005547380899553203,0.04236587083246827
pulse_width_median_hist_max,0.005280240897020416,0.040325697452197794
ibi_std_hist_max,0.005226745115355663,0.03991714512504944
pulse_width_median_hist_std,0.0049493120475100705,0.03779836263474875
apg_max,0.004865298265506189,0.03715674146234823
vpg_max_upstroke_hist_min,0.00441871556261386,0.03374614726495414
vpg_rms,0.004380332543680284,0.03345301253133037
decay_time_median_hist_std,0.004187154509333917,0.03197769367384081
pulse_width_median_hist_min,0.003929158519047148,0.030007353977018408
ibi_median_hist_mean,0.003925714033665785,0.02998104811747974
ibi_std_hist_min,0.003847649541043277,0.02938486222887171
hr_bpm_hist_min,0.0034463430223550073,0.026320046518029844
pulse_amp_iqr_a_hist_max,0.0033379684105181964,0.025492379391915065
ibi_std_hist_mean,0.003247250631730969,0.02479955916415359
ibi_mean_hist_max,0.003076945342432044,0.023498921616602903
apg_max_hist_mean,0.00290813602009416,0.022209708909745274
vpg_max_hist_max,0.0028371971495228412,0.021667942068411605
pulse_area_median,0.002702009500207049,0.020635501247641724
pulse_band_power_hist_std,0.002546023083104217,0.01944421827676616
apg_min_hist_min,0.002484850261442843,0.018977035671516873
vpg_rms_hist_min,0.002425049176121376,0.01852032914599692
vpg_max_upstroke_hist_mean,0.0023213626100377837,0.017728465067200123
pulse_amp_cv_a,0.00231129251433699,0.01765155879711422
vpg_min_hist_mean,0.002191439703001425,0.01673623157947901
ibi_median,0.002156921869327119,0.016472615630017156
decay_time_median_hist_max,0.0021219575504324672,0.016205589830841305
pulse_amp_median_a_delta_hist_mean,0.0019864821271960804,0.01517095125351394
vpg_max_hist_mean,0.0018850293541697182,0.014396146862855138
vpg_min,0.0018465499417191712,0.014102275962856107
pulse_amp_median_a_hist_min,0.001786458939484681,0.01364335531454349
hr_bpm_hist_mean,0.001718659917078092,0.013125567789609605
pulse_amp_cv_a_delta_hist_mean,0.0017025928849114128,0.013002862350455521
pulse_amp_median_a,0.0016337907485669077,0.012477413949823083
apg_std_hist_min,0.001602169597921599,0.012235920241698395
dominant_freq_hist_mean,0.0015164708011100585,0.011581430452380323
decay_time_median,0.0014896898459060299,0.011376901773083148
pulse_band_power_hist_min,0.0014883513150733645,0.011366679286942608
pulse_amp_cv_a_hist_min,0.0014810131478013339,0.011310637011781921
spectral_entropy_hist_max,0.0014523625324361809,0.011091829561597896
pulse_amp_cv_a_hist_max,0.0012287634984727517,0.009384182662513988
max_upstroke_slope_median_hist_std,0.0012158783092175319,0.009285777257598937
ibi_mean_hist_std,0.00115940489319972,0.008854484456220982
min_a,0.001081101988596916,0.00825647779284644
ibi_cv_hist_max,0.0010514728908460112,0.008030197580449538
vpg_max_upstroke,0.0009920548876930376,0.007576416689560143
vpg_std_hist_std,0.0009873520327684474,0.007540500543204469
max_upstroke_slope_median,0.0009655379894263924,0.0073739046379840785
pulse_amp_iqr_a_hist_mean,0.0009322090763085976,0.007119368586881336
apg_min_hist_std,0.0009309856690661364,0.00711002531045087
rms_a,0.0009140002503156511,0.006980306066388072
pulse_amp_median_a_hist_std,0.0009133424067556916,0.0069752820531115605
apg_std_hist_mean,0.0009081415976289822,0.00693556298357656
hr_bpm_hist_std,0.000907852312174373,0.006933353683291325
vpg_rms_hist_std,0.0008785328337096021,0.0067094380625677035
apg_max_hist_max,0.0008599425707177498,0.0065674624717591
pulse_band_power_delta_hist_mean,0.0007890106115598756,0.0060257484135413835
max_a,0.0007878751057450795,0.006017076448599686
vpg_max,0.0007800423366252902,0.005957256852505921
vpg_std,0.0007699409473823296,0.005880111590688723
dominant_freq_hist_min,0.0007016831995180894,0.005358820736194758
ibi_cv_hist_mean,0.000689858283536359,0.005268512738211939
apg_std_hist_std,0.0006665039758244599,0.005090153688811938
spectral_entropy_delta_hist_mean,0.0006375955387030954,0.004869377229573146
spectral_entropy_hist_std,0.0005840926720018269,0.004460770793333069
rise_time_median_hist_std,0.0005831831230686249,0.0044538244823950635
hr_bpm_hist_max,0.000568127144863255,0.004338840557646624
apg_b_to_a_ratio,0.0005507363977234215,0.004206025782467648
vpg_min_hist_std,0.0005439532962949056,0.004154222597475036
vpg_max_upstroke_delta_hist_mean,0.0004241488034650342,0.0032392643928223683
max_upstroke_slope_median_hist_max,0.0004201686966348709,0.0032088679417909085
vpg_max_upstroke_hist_std,0.0003955084365136429,0.003020535210740268
pulse_amp_cv_a_delta_prev,0.00032532998285454077,0.0024845757450429793
ibi_cv_hist_std,0.00031320016533054897,0.0023919391852415353
mean_a,0.0003030664580395494,0.002314547107445127
apg_max_delta_prev,0.0003025560425554759,0.0023106490162809004
pulse_band_power_delta_prev,0.0002671002065720421,0.002039869454767048
vpg_max_delta_hist_mean,0.00026704465659845993,0.002039445214382596
pulse_amp_cv_a_hist_mean,0.00026173801793547593,0.00199891791470345
pulse_amp_iqr_a_hist_min,0.00022798616377272277,0.001741151822973445
decay_time_median_delta_hist_mean,0.00019222309006912462,0.0014680258580301124
apg_b_to_a_ratio_slope,0.00017826299077858675,0.0013614112638530667
max_downstroke_slope_median_hist_std,0.00017368427165198263,0.0013264431542877968
apg_b_to_a_ratio_delta_hist_mean,0.000154197070399494,0.001177617561436269
ibi_mean_slope,0.00014099288822291774,0.001076775977512175
ibi_mean,0.00013980187802961665,0.0010676801203999275
apg_min,0.00012868753492098925,0.0009827988344284222
apg_std,0.00012213238781139146,0.0009327365580566275
dominant_freq_hist_max,0.00011299037517336013,0.0008629181458032301
hr_bpm,0.00011295178037747836,0.0008626233937090907
pulse_amp_median_a_slope,0.00010923532774791515,0.0008342404946599657
vpg_max_upstroke_slope,9.980987141388852e-05,0.0007622573961825196
pulse_amp_iqr_a_delta_hist_mean,9.703934312904229e-05,0.0007410986105179281
pulse_width_median_delta_hist_mean,7.595725184932216e-05,0.000580092692192243
pulse_area_median_delta_hist_mean,6.927003614827821e-05,0.0005290217955386348
ibi_median_slope,6.248212792011283e-05,0.00047718190056400545
apg_min_slope,6.000667837480584e-05,0.0004582766590477405
dominant_freq_hist_std,5.953176004221251e-05,0.00045464966297537046
hr_bpm_slope,5.362546763835155e-05,0.00040954275115308764
pulse_amp_iqr_a_hist_std,5.0091582096379675e-05,0.000382554134160884
hr_bpm_delta_hist_mean,4.8743591941169066e-05,0.00037225940628241955
ibi_std_hist_std,4.719318104108179e-05,0.000360418772094917
dominant_freq_slope,4.1444487425260925e-05,0.00031651545707234163
pulse_count,3.981829539200776e-05,0.0003040960752276334
ibi_cv_slope,3.635440547596873e-05,0.000277642021428548
apg_std_delta_hist_mean,3.518058177117908e-05,0.0002686774191490808
pulse_band_power,2.735459710274787e-05,0.00020890963654984773
pulse_area_median_slope,2.7336897254686606e-05,0.00020877446114179557
ibi_mean_delta_hist_mean,2.6540819916729224e-05,0.00020269474347263858
apg_max_delta_hist_mean,2.3808590225875434e-05,0.00018182844778043736
ibi_cv_delta_prev,1.7475190964732106e-05,0.00013345968062949964
pulse_width_median_delta_prev,1.602201067357052e-05,0.00012236160576743296
decay_time_median_slope,3.7083666578225202e-06,2.8321145720748102e-05
pulse_width_median,0.0,0.0
pulse_amp_iqr_a,0.0,0.0
pulse_area_median_hist_std,0.0,0.0
apg_max_hist_std,0.0,0.0
pulse_band_power_hist_mean,0.0,0.0
vpg_rms_hist_mean,0.0,0.0
ibi_mean_hist_mean,0.0,0.0
var_a,0.0,0.0
spectral_entropy,0.0,0.0
rise_time_median,0.0,0.0
ibi_std,0.0,0.0
ibi_cv,0.0,0.0
dominant_freq,0.0,0.0
max_downstroke_slope_median,0.0,0.0
ptp_a,0.0,0.0
vpg_rms_hist_max,0.0,0.0
vpg_min_hist_min,0.0,0.0
rise_time_median_hist_max,0.0,0.0
pulse_area_median_delta_prev,0.0,0.0
max_downstroke_slope_median_delta_prev,0.0,0.0
max_upstroke_slope_median_delta_prev,0.0,0.0
decay_time_median_delta_prev,0.0,0.0
rise_time_median_delta_prev,0.0,0.0
pulse_amp_iqr_a_delta_prev,0.0,0.0
ibi_std_delta_prev,0.0,0.0
pulse_amp_median_a_delta_prev,0.0,0.0
hr_bpm_delta_prev,0.0,0.0
ibi_mean_delta_prev,0.0,0.0
ibi_median_delta_prev,0.0,0.0
apg_std_hist_max,0.0,0.0
ibi_std_delta_hist_mean,0.0,0.0
vpg_rms_delta_prev,0.0,0.0
vpg_std_delta_prev,0.0,0.0
vpg_max_delta_prev,0.0,0.0
vpg_std_delta_hist_mean,0.0,0.0
vpg_rms_delta_hist_mean,0.0,0.0
max_downstroke_slope_median_delta_hist_mean,0.0,0.0
vpg_min_delta_hist_mean,0.0,0.0
rise_time_median_delta_hist_mean,0.0,0.0
ibi_cv_delta_hist_mean,0.0,0.0
max_upstroke_slope_median_delta_hist_mean,0.0,0.0
vpg_min_delta_prev,0.0,0.0
apg_std_delta_prev,0.0,0.0
apg_min_delta_prev,0.0,0.0
vpg_max_upstroke_delta_prev,0.0,0.0
apg_b_to_a_ratio_delta_prev,0.0,0.0
spectral_entropy_delta_prev,0.0,0.0
dominant_freq_delta_prev,0.0,0.0
ibi_median_delta_hist_mean,0.0,0.0
dominant_freq_delta_hist_mean,0.0,0.0
rise_time_median_slope,0.0,0.0
pulse_width_median_slope,0.0,0.0
pulse_amp_cv_a_slope,0.0,0.0
pulse_amp_iqr_a_slope,0.0,0.0
ibi_std_slope,0.0,0.0
apg_min_delta_hist_mean,0.0,0.0
max_upstroke_slope_median_slope,0.0,0.0
max_downstroke_slope_median_slope,0.0,0.0
vpg_rms_slope,0.0,0.0
vpg_std_slope,0.0,0.0
vpg_min_slope,0.0,0.0
vpg_max_slope,0.0,0.0
apg_std_slope,0.0,0.0
apg_max_slope,0.0,0.0
pulse_band_power_slope,0.0,0.0
spectral_entropy_slope,0.0,0.0
