target,decile,sample_count,mean_uncertainty,median_uncertainty,mae,rmse,bias
DBP,D01 (0-10%),3120,5.377216279519231,5.46675985,4.582498822790865,7.024904847200314,-0.9578294117908654
DBP,D02 (10-20%),3119,6.093939031163835,6.1040735,4.939393270018563,7.4277280122149065,-1.1433604435710485
DBP,D03 (20-30%),3119,6.5158872556268035,6.5162196,5.0980262227605,7.67231664575126,-0.9047873734464252
DBP,D04 (30-40%),3119,6.882198942225073,6.8820915,5.41357503291744,8.216250306243435,-1.2644665644551139
DBP,D05 (40-50%),3119,7.2294286770439244,7.229872,5.418550695099455,8.118963204891193,-0.7762705161606925
DBP,D06 (50-60%),3119,7.582440457903174,7.582239,5.423703156217292,7.983619353499047,-0.8747832555939501
DBP,D07 (60-70%),3119,7.966421766559794,7.961267,5.7732019422355885,8.548324921974007,-1.0533242153211926
DBP,D08 (70-80%),3119,8.43242042529657,8.4230585,5.874285726881661,8.61339850926288,-0.8923135910417762
DBP,D09 (80-90%),3119,9.10875805434434,9.09599,6.3744257067882595,9.062391464119953,-1.4711880237109902
DBP,D10 (90-100%),3120,10.66942388573718,10.369882,7.726932458542147,10.46655067791407,-3.1248799635374676
