sequence_id,sequence_index,window_indices,window_ids,window_qc_statuses,target_window,target_window_status,sequence_status,rejection_reason,model_prediction_masked,unconstrained_sbp,unconstrained_dbp,masked_sbp,masked_dbp
seq_00,0,"[0, 1, 2, 3, 4, 5]","win_00, win_01, win_02, win_03, win_04, win_05","REJECT, PASS, PASS, PASS, PASS, PASS",win_05,PASS,REJECTED_SIGNAL_QUALITY,Context contains REJECT window(s): win_00: Insufficient pulsatile cycles (2 peaks detected),True,156.7534637451172,88.62620544433594,,
seq_01,1,"[1, 2, 3, 4, 5, 6]","win_01, win_02, win_03, win_04, win_05, win_06","PASS, PASS, PASS, PASS, PASS, REJECT",win_06,REJECT,REJECTED_SIGNAL_QUALITY,Context contains REJECT window(s): win_06: Insufficient pulsatile cycles (1 peaks detected),True,154.43003845214844,84.79412841796875,,
seq_02,2,"[2, 3, 4, 5, 6, 7]","win_02, win_03, win_04, win_05, win_06, win_07","PASS, PASS, PASS, PASS, REJECT, REJECT",win_07,REJECT,REJECTED_SIGNAL_QUALITY,"Context contains REJECT window(s): win_06: Insufficient pulsatile cycles (1 peaks detected), win_07: Insufficient pulsatile cycles (1 peaks detected)",True,164.85557556152344,82.5253677368164,,
seq_03,3,"[3, 4, 5, 6, 7, 8]","win_03, win_04, win_05, win_06, win_07, win_08","PASS, PASS, PASS, REJECT, REJECT, WARN",win_08,WARN,REJECTED_SIGNAL_QUALITY,"Context contains REJECT window(s): win_06: Insufficient pulsatile cycles (1 peaks detected), win_07: Insufficient pulsatile cycles (1 peaks detected)",True,159.61651611328125,81.76716613769531,,
seq_04,4,"[4, 5, 6, 7, 8, 9]","win_04, win_05, win_06, win_07, win_08, win_09","PASS, PASS, REJECT, REJECT, WARN, WARN",win_09,WARN,REJECTED_SIGNAL_QUALITY,"Context contains REJECT window(s): win_06: Insufficient pulsatile cycles (1 peaks detected), win_07: Insufficient pulsatile cycles (1 peaks detected)",True,159.78858947753906,85.494384765625,,
seq_05,5,"[5, 6, 7, 8, 9, 10]","win_05, win_06, win_07, win_08, win_09, win_10","PASS, REJECT, REJECT, WARN, WARN, PASS",win_10,PASS,REJECTED_SIGNAL_QUALITY,"Context contains REJECT window(s): win_06: Insufficient pulsatile cycles (1 peaks detected), win_07: Insufficient pulsatile cycles (1 peaks detected)",True,160.37112426757812,87.7821044921875,,
seq_06,6,"[6, 7, 8, 9, 10, 11]","win_06, win_07, win_08, win_09, win_10, win_11","REJECT, REJECT, WARN, WARN, PASS, PASS",win_11,PASS,REJECTED_SIGNAL_QUALITY,"Context contains REJECT window(s): win_06: Insufficient pulsatile cycles (1 peaks detected), win_07: Insufficient pulsatile cycles (1 peaks detected)",True,159.6543426513672,87.84423828125,,
seq_07,7,"[7, 8, 9, 10, 11, 12]","win_07, win_08, win_09, win_10, win_11, win_12","REJECT, WARN, WARN, PASS, PASS, REJECT",win_12,REJECT,REJECTED_SIGNAL_QUALITY,"Context contains REJECT window(s): win_07: Insufficient pulsatile cycles (1 peaks detected), win_12: Insufficient pulsatile cycles (1 peaks detected)",True,166.9003448486328,85.51360321044922,,
seq_08,8,"[8, 9, 10, 11, 12, 13]","win_08, win_09, win_10, win_11, win_12, win_13","WARN, WARN, PASS, PASS, REJECT, REJECT",win_13,REJECT,REJECTED_SIGNAL_QUALITY,"Context contains REJECT window(s): win_12: Insufficient pulsatile cycles (1 peaks detected), win_13: Insufficient pulsatile cycles (2 peaks detected)",True,160.65345764160156,89.24444580078125,,
