window_index,start_time_sec,end_time_sec,raw_min,raw_max,raw_ptp,raw_std,clip_fraction,zero_fraction,baseline_drift_delta,detected_peaks,estimated_hr_bpm,qc_status,qc_reason,window_id,sample_count
0,0.0,10.0,840.9856076469038,165204.3983360454,164363.41272839849,55855.769445870086,0.0,0.0,158378.6579411334,2,,REJECT,Insufficient pulsatile cycles (2 peaks detected),win_00,1250
1,10.0,20.0,158442.60156759497,163039.99126867976,4597.389701084787,700.0325285223004,0.0,0.0,1056.8402825993253,17,95.54140127388536,PASS,Valid pulsatile morphology within physiological bounds,win_01,1250
2,20.0,30.0,156966.04263303042,162257.48256471308,5291.43993168266,829.0669996865865,0.0,0.0,15.04361613781657,13,83.33333333333334,PASS,Valid pulsatile morphology within physiological bounds,win_02,1250
3,30.0,40.0,159225.2356546186,163376.20984225112,4150.974187632528,908.8659155300468,0.0,0.0,1170.338625258155,15,96.15384615384616,PASS,Valid pulsatile morphology within physiological bounds,win_03,1250
4,40.0,50.0,160945.92205806234,164059.65414507623,3113.7320870138938,687.4645415697634,0.0,0.0,1206.3077011629357,16,104.16666666666667,PASS,Valid pulsatile morphology within physiological bounds,win_04,1250
5,50.0,60.0,161105.3866904904,164172.72765344993,3067.3409629595117,573.1622169490595,0.0,0.0,1636.805891818687,17,104.89510489510488,PASS,Valid pulsatile morphology within physiological bounds,win_05,1250
6,60.0,70.0,1009.6563712306693,170933.1225434741,169923.46617224344,58343.993475220705,0.0,0.0,162603.46450430132,1,,REJECT,Insufficient pulsatile cycles (1 peaks detected),win_06,1250
7,70.0,80.0,1183.7121616404654,1946.2652547508937,762.5530931104283,164.92479637682627,0.0,0.0,268.1473543026384,1,,REJECT,Insufficient pulsatile cycles (1 peaks detected),win_07,1250
8,80.0,90.0,898.3981320842688,220354.25090691468,219455.85277483042,89758.66243011154,0.0,0.0,169708.32389112885,3,51.0204081632653,WARN,High baseline wander/drift (169708 counts),win_08,1250
9,90.0,100.0,176048.68538886812,185690.71636201715,9642.030973149027,1962.0351563031809,0.0,0.0,3992.375922681298,4,23.219814241486066,WARN,Borderline heart rate (23.2 bpm),win_09,1250
10,100.0,110.0,175347.4817748989,179349.59403844058,4002.1122635416978,865.9933258651462,0.0,0.0,1735.792238562979,16,93.75,PASS,Valid pulsatile morphology within physiological bounds,win_10,1250
11,110.0,120.0,175061.42051028565,178732.0012828907,3670.5807726050552,728.4540017790174,0.0,0.0,1230.7316560161416,13,75.0,PASS,Valid pulsatile morphology within physiological bounds,win_11,1250
12,120.0,130.0,1053.083025718434,179465.66949836403,178412.5864726456,79877.54498010282,0.0,0.0,176222.4665301344,1,,REJECT,Insufficient pulsatile cycles (1 peaks detected),win_12,1250
13,130.0,140.0,1097.7922884429893,1652.0740028759515,554.2817144329622,124.7195567100294,0.0,0.0,355.503194436727,2,,REJECT,Insufficient pulsatile cycles (2 peaks detected),win_13,1250
