window_id,window_index,start_sample,end_sample,start_time_sec,end_time_sec,raw_min,raw_max,raw_ptp,raw_std,raw_cv,clip_fraction,zero_fraction,baseline_drift_delta,detected_peaks,estimated_hr_bpm,qc_status,qc_reason
hw_win_00,0,0,1250,0.0,10.0,52556.1664318902,199815.89905408068,147259.7326221905,18029.415950713676,0.09370277674202566,0.0,0.0,37006.97816341894,3,33.40757238307349,WARN,Borderline amplitude / baseline drift
hw_win_01,1,1250,2500,10.0,20.0,194888.39775364875,199537.43252812602,4649.0347744772735,840.7324885677089,0.0042531918612453935,0.0,0.0,480.724474847113,19,126.05042016806723,PASS,Normal pulsatile morphology
hw_win_02,2,2500,3750,20.0,30.0,197161.93624065048,200882.5925047565,3720.6562641060154,848.7183150416903,0.00426446401511605,0.0,0.0,1320.6943863519118,15,93.75,PASS,Normal pulsatile morphology
hw_win_03,3,3750,5000,30.0,40.0,197687.40698375096,201380.91646201405,3693.5094782630913,671.2313603113363,0.0033578417255326564,0.0,0.0,1832.6008903385664,16,97.40259740259741,PASS,Normal pulsatile morphology
hw_win_04,4,5000,6250,40.0,50.0,198848.23972267553,201569.03875913136,2720.7990364558354,661.3207074228169,0.0033030633773419743,0.0,0.0,1320.5924252965488,16,98.6842105263158,PASS,Normal pulsatile morphology
hw_win_05,5,6250,7500,50.0,60.0,197854.5205686498,200766.51704483305,2911.996476183238,546.5261272483637,0.002740471586310326,0.0,0.0,718.3541913282534,13,76.92307692307692,PASS,Normal pulsatile morphology
hw_win_06,6,7500,8750,60.0,70.0,198027.6562387338,200931.624380069,2903.968141335208,648.5252348810977,0.003249606172034115,0.0,0.0,532.2885267868405,13,76.14213197969544,PASS,Normal pulsatile morphology
hw_win_07,7,8750,10000,70.0,80.0,197305.1381802576,199961.9940295016,2656.8558492439915,513.5541633684916,0.0025836961934848526,0.0,0.0,507.70192142765154,14,70.75471698113208,PASS,Normal pulsatile morphology
hw_win_08,8,10000,11250,80.0,90.0,196734.3795394523,200017.02980791355,3282.650268461264,560.9487231407084,0.0028294752776350652,0.0,0.0,67.05092933090054,15,100.0,PASS,Normal pulsatile morphology
